视频ID,总样本数,正确数,错误数,准确率(%)
2024-09-10 110740,65,51,14,78.46
2024-10-15 113224,100,87,13,87.00
2024-10-15 143045,96,85,11,88.54
2024-10-16 113518,93,82,11,88.17
2024-10-16 142455,93,77,16,82.80
2024-10-19 231445,96,81,15,84.38
2024-10-20 015227,96,87,9,90.62
2024-10-20 060354,73,66,7,90.41
2024-10-28 111434,97,88,9,90.72
2024-11-13 10,71,53,18,74.65
2024-11-13 105042,76,61,15,80.26
2024-11-13 134739,99,77,22,77.78
2024-11-13 134823,96,80,16,83.33
2024-11-14 105548,102,90,12,88.24
2024-11-14 105557,87,70,17,80.46
2024-11-14 140558,84,79,5,94.05
2024-11-14 140612,80,65,15,81.25
2024-11-15 105623,97,82,15,84.54
2024-11-15 135858,73,56,17,76.71
2024-11-18 105235,98,84,14,85.71
2024-11-19 134210,98,84,14,85.71
2024-11-19 134453,90,63,27,70.00
2024-11-20 104857,96,79,17,82.29
2024-11-20 135407,55,44,11,80.00
2024-11-20 135807,61,56,5,91.80
2024-11-21 110547,91,80,11,87.91
2024-11-21 140328,102,86,16,84.31
2024-11-21 140515,89,81,8,91.01
2024-11-22 140008,89,66,23,74.16
2024-11-22 140150,81,70,11,86.42
2024-11-25 110707,95,90,5,94.74
2024-11-25 111254,75,64,11,85.33
2024-11-25 140700,91,77,14,84.62
2024-11-26 130725,53,45,8,84.91
2024-11-26 132831,75,72,3,96.00
2024-11-27 105811,87,68,19,78.16
2024-11-27 140305,99,88,11,88.89
2024-11-27 140322,99,74,25,74.75
2024-11-27 140411,98,76,22,77.55
2024-11-28 110616,97,80,17,82.47
2024-11-28 111217,94,81,13,86.17
2024-11-28 135355,83,75,8,90.36
2024-11-28 135442,96,83,13,86.46
2024-11-28 135539,76,65,11,85.53
2024-11-29 105511,95,80,15,84.21
2024-11-29 105522,100,79,21,79.00
2024-11-29 135900,85,71,14,83.53
2024-12-02 111941,88,77,11,87.50
2024-12-02 140105,99,91,8,91.92
2024-12-02 140438,89,76,13,85.39
2024-12-03 110421,89,75,14,84.27
2024-12-04 110246,95,87,8,91.58
2024-12-04 135813,86,83,3,96.51
2024-12-05 105448,79,71,8,89.87
2024-12-05 140626,78,66,12,84.62
2024-12-05 141040,84,75,9,89.29
2024-12-06 110711,70,62,8,88.57
2024-12-06 110804,74,63,11,85.14
2024-12-06 135527,84,74,10,88.10
2024-12-09 110631,66,52,14,78.79
2024-12-09 110928,85,69,16,81.18
2024-12-09 111156,82,66,16,80.49
2024-12-09 135511,92,85,7,92.39
2024-12-10 110337,93,83,10,89.25
2024-12-10 110830,70,60,10,85.71
2024-12-10 134658,91,85,6,93.41
2024-12-10 134738,90,72,18,80.00
2024-12-10 135100,88,67,21,76.14
2024-12-11 110601,86,68,18,79.07
2024-12-11 110852,97,89,8,91.75
2024-12-11 134620,83,80,3,96.39
2024-12-11 134803,104,85,19,81.73
2024-12-12 104334,91,73,18,80.22
2024-12-12 104421,85,70,15,82.35
2024-12-12 104752,84,75,9,89.29
2024-12-12 135512,91,81,10,89.01
2024-12-12 135534,95,78,17,82.11
2024-12-13 104230,80,71,9,88.75
2024-12-13 104638,89,87,2,97.75
2024-12-13 134533,88,77,11,87.50
2024-12-13 134629,87,67,20,77.01
2024-12-15 190841,81,74,7,91.36
2024-12-16 110409,83,72,11,86.75
2024-12-16 110718,81,75,6,92.59
2024-12-16 135008,92,80,12,86.96
2024-12-16 135424,81,65,16,80.25
2024-12-16 190348,100,80,20,80.00
2024-12-17 110425,94,75,19,79.79
2024-12-17 110517,90,73,17,81.11
2024-12-17 110620,88,76,12,86.36
2024-12-17 110749,87,74,13,85.06
2024-12-17 135256,89,74,15,83.15
2024-12-17 135352,89,71,18,79.78
2024-12-17 135620,85,77,8,90.59
2024-12-17 135842,86,70,16,81.40
2024-12-18 110032,95,75,20,78.95
2024-12-18 110121,88,75,13,85.23
2024-12-18 110446,95,81,14,85.26
2024-12-18 110736,89,81,8,91.01
2024-12-18 110905,88,75,13,85.23
2024-12-18 135446,70,63,7,90.00
2024-12-18 135547,75,68,7,90.67
2024-12-18 135914,89,80,9,89.89
2024-12-18 140208,100,92,8,92.00
2024-12-19 105808,100,74,26,74.00
2024-12-19 105951,86,77,9,89.53
2024-12-19 110127,81,65,16,80.25
2024-12-19 110403,98,88,10,89.80
2024-12-19 110540,101,84,17,83.17
2024-12-19 135149,89,78,11,87.64
2024-12-19 135231,95,81,14,85.26
2024-12-19 135234,85,73,12,85.88
2024-12-19 135301,86,71,15,82.56
2024-12-20 105955,86,78,8,90.70
2024-12-20 110244,84,70,14,83.33
2024-12-20 110552,85,76,9,89.41
2024-12-20 135453,99,81,18,81.82
2024-12-20 135520,93,87,6,93.55
2024-12-20 135528,97,85,12,87.63
2024-12-20 135735,84,71,13,84.52
2024-12-23 105713,82,79,3,96.34
2024-12-23 105846,81,69,12,85.19
2024-12-23 105848,91,78,13,85.71
2024-12-23 110031,87,72,15,82.76
2024-12-23 135919,82,64,18,78.05
2024-12-23 135929,90,79,11,87.78
2024-12-23 135953,94,75,19,79.79
2024-12-23 140104,92,74,18,80.43
2024-12-23 140140,92,84,8,91.30
2024-12-24 105209,86,80,6,93.02
2024-12-24 105257,91,78,13,85.71
2024-12-24 105426,90,78,12,86.67
2024-12-24 105557,94,68,26,72.34
2024-12-24 134058,103,82,21,79.61
2024-12-24 134112,81,74,7,91.36
2024-12-24 134203,95,83,12,87.37
2024-12-24 134422,88,75,13,85.23
2024-12-25 105912,97,74,23,76.29
2024-12-25 110129,92,75,17,81.52
2024-12-25 110340,89,81,8,91.01
2024-12-25 132815,85,71,14,83.53
2024-12-25 132936,88,65,23,73.86
2024-12-25 132939,86,68,18,79.07
2024-12-25 132956,96,69,27,71.88
2024-12-25 133135,91,80,11,87.91
2024-12-26 110340,89,69,20,77.53
2024-12-26 110549,76,67,9,88.16
2024-12-26 110649,94,79,15,84.04
2024-12-26 110902,99,89,10,89.90
2024-12-26 110940,75,70,5,93.33
2024-12-26 135104,88,64,24,72.73
2024-12-26 135115,85,69,16,81.18
2024-12-26 135251,87,76,11,87.36
2024-12-27 102700,94,87,7,92.55
2024-12-27 103113,91,76,15,83.52
2024-12-27 103635,95,82,13,86.32
2024-12-27 103850,95,72,23,75.79
2024-12-27 104232,98,74,24,75.51
2024-12-27 135957,90,74,16,82.22
2024-12-27 140111,83,65,18,78.31
2024-12-27 140329,93,89,4,95.70
2024-12-29 105442,95,85,10,89.47
2024-12-29 105616,101,86,15,85.15
2024-12-29 105638,103,80,23,77.67
2024-12-29 105757,94,73,21,77.66
2024-12-29 130115,80,69,11,86.25
2024-12-29 140955,75,70,5,93.33
2024-12-29 141124,80,72,8,90.00
2024-12-29 142039,97,88,9,90.72
2024-12-30 104754,86,78,8,90.70
2024-12-30 105027,94,69,25,73.40
2024-12-30 105453,99,83,16,83.84
2024-12-30 134718,98,81,17,82.65
2024-12-30 135134,81,71,10,87.65
2024-12-30 135205,95,76,19,80.00
2024-12-31 103046,90,75,15,83.33
2024-12-31 104208,87,76,11,87.36
2024-12-31 104556,94,82,12,87.23
2024-12-31 105154,86,73,13,84.88
2025-01-02 105539,89,77,12,86.52
2025-01-02 105750,90,74,16,82.22
2025-01-02 105826,97,79,18,81.44
2025-01-02 105929,89,71,18,79.78
2025-01-02 134302,79,63,16,79.75
2025-01-03 105339,95,82,13,86.32
2025-01-03 105518,99,85,14,85.86
2025-01-03 105627,94,80,14,85.11
2025-01-03 110042,91,72,19,79.12
2025-01-03 110158,86,68,18,79.07
2025-01-03 134319,59,44,15,74.58
2025-01-03 134416,98,83,15,84.69
2025-01-03 134449,94,77,17,81.91
2025-01-03 134538,90,73,17,81.11
2025-01-03 134538(1),88,69,19,78.41
2025-01-03 134538(2),76,66,10,86.84
2025-01-03 134619,91,71,20,78.02
2025-01-04 105944,80,65,15,81.25
2025-01-06 105541,90,82,8,91.11
2025-01-06 105719,84,74,10,88.10
2025-01-06 110025,88,69,19,78.41
2025-01-06 110457,81,74,7,91.36
2025-01-06 110738,76,64,12,84.21
2025-01-06 130902,82,70,12,85.37
2025-01-06 132004,81,64,17,79.01
2025-01-06 132923,86,75,11,87.21
2025-01-06 133143,94,77,17,81.91
2025-01-06 133205,96,76,20,79.17
2025-01-07 102421,93,82,11,88.17
2025-01-07 102726,90,82,8,91.11
2025-01-07 103050,97,86,11,88.66
2025-01-07 134726,75,62,13,82.67
2025-01-07 135013,84,58,26,69.05
2025-01-08 101520,82,68,14,82.93
2025-01-08 102153,88,83,5,94.32
2025-01-08 102642,99,83,16,83.84
2025-01-08 134429,81,59,22,72.84
2025-01-08 134751,84,75,9,89.29
2025-01-09 104236,96,83,13,86.46
2025-01-09 104636,77,70,7,90.91
2025-01-09 105451,89,82,7,92.13
2025-01-09 105545,77,76,1,98.70
2025-01-09 105841,70,61,9,87.14
2025-01-09 131729,52,44,8,84.62
2025-01-09 131737,97,85,12,87.63
2025-01-09 131918,83,74,9,89.16
2025-01-10 105024,89,76,13,85.39
2025-01-10 105639,89,73,16,82.02
2025-01-10 110040,78,69,9,88.46
2025-01-10 110622,87,75,12,86.21
2025-01-10 111030,82,70,12,85.37
2025-01-10 134654,83,75,8,90.36
2025-01-10 134759,84,71,13,84.52
2025-01-10 134804,87,58,29,66.67
2025-01-10 134930,70,64,6,91.43
2025-01-13 104849,88,70,18,79.55
2025-01-13 105243,79,66,13,83.54
2025-01-13 105757,92,84,8,91.30
2025-01-13 105911,90,76,14,84.44
2025-01-13 134726,77,69,8,89.61
2025-01-13 135401,91,73,18,80.22
2025-01-13 135429,74,58,16,78.38
2025-01-14 082532,89,77,12,86.52
2025-01-14 104716,92,77,15,83.70
2025-01-14 105009,80,74,6,92.50
2025-01-14 105116,79,65,14,82.28
2025-01-14 105152,84,77,7,91.67
2025-01-14 134643,96,86,10,89.58
2025-01-14 134705,83,77,6,92.77
2025-01-14 134842,98,83,15,84.69
2025-01-14 134951,83,71,12,85.54
2025-01-14 135027,92,81,11,88.04
2025-01-15 081657,94,76,18,80.85
2025-01-15 081900,92,79,13,85.87
2025-01-15 082049,87,75,12,86.21
2025-01-15 082342,89,81,8,91.01
2025-01-15 082517,93,88,5,94.62
2025-01-15 102610,100,91,9,91.00
2025-01-15 102621,87,79,8,90.80
2025-01-15 102653,87,79,8,90.80
2025-01-15 102718,80,70,10,87.50
2025-01-15 102738,89,81,8,91.01
2025-01-15 132006,97,89,8,91.75
2025-01-15 132018,98,79,19,80.61
2025-01-15 132037,104,92,12,88.46
2025-01-15 132140,94,79,15,84.04
2025-01-15 132210,93,86,7,92.47
2025-01-15 163849,94,80,14,85.11
2025-01-15 201645,94,78,16,82.98
2025-01-15 225019,99,89,10,89.90
2025-01-16 022301,91,83,8,91.21
2025-01-16 082457,81,70,11,86.42
2025-01-16 082641,95,76,19,80.00
2025-01-16 102354,91,78,13,85.71
2025-01-16 102653,97,81,16,83.51
2025-01-16 102929,90,70,20,77.78
2025-01-16 133038,88,68,20,77.27
2025-01-16 133206,91,78,13,85.71
2025-01-16 230716,98,90,8,91.84
2025-01-17 022813,92,76,16,82.61
2025-01-17 052623,74,71,3,95.95
2025-01-17 082551,95,78,17,82.11
2025-01-17 082729,94,81,13,86.17
2025-01-17 103155,87,72,15,82.76
2025-01-17 103446,103,89,14,86.41
2025-01-17 103640,93,81,12,87.10
2025-01-17 103654,84,74,10,88.10
2025-01-19 083654,85,72,13,84.71
2025-01-19 084134,94,82,12,87.23
2025-01-19 090104,84,72,12,85.71
2025-01-19 105845,76,71,5,93.42
2025-01-19 105904,91,74,17,81.32
2025-01-19 110003,69,61,8,88.41
2025-01-19 140522,95,76,19,80.00
2025-01-20 085440,90,74,16,82.22
2025-01-20 085845,89,76,13,85.39
2025-01-20 090005,82,64,18,78.05
2025-01-20 105134,85,77,8,90.59
2025-01-20 110100,98,87,11,88.78
2025-01-20 110100(1),85,72,13,84.71
2025-01-20 135641,69,60,9,86.96
2025-01-21 082321,97,89,8,91.75
2025-01-21 082438,105,80,25,76.19
2025-01-21 082605,88,77,11,87.50
2025-01-21 082605(1),99,82,17,82.83
2025-01-21 133603,88,72,16,81.82
2025-01-21 133625,89,77,12,86.52
2025-01-21 133630,89,71,18,79.78
2025-01-22 082526,97,86,11,88.66
2025-01-22 082758,100,85,15,85.00
2025-01-22 082758(1),95,80,15,84.21
2025-01-22 082832,90,82,8,91.11
2025-01-22 133443,97,84,13,86.60
2025-01-31 110852,91,77,14,84.62
2025-02-05 105046,91,77,14,84.62
2025-02-28 103640,84,74,10,88.10
240717(9.03.26）,82,67,15,81.71
240717（11.01.05）,82,69,13,84.15
240717（13.00.40）,90,82,8,91.11
张丹丹之女20240904（10:52:30）,94,83,11,88.30
张丹丹之女20240905（14:01:28）,84,77,7,91.67
张祖善20240904（10:50:53）,82,76,6,92.68
张祖善20240904（14:01:11）,72,67,5,93.06
张祖善20240905（13:57:31）,76,62,14,81.58
张祖善20240906（14:03:58）,75,58,17,77.33
徐潇霞之女 240815（11:00:06）,93,80,13,86.02
徐潇霞之女240814（11:00:04）,91,78,13,85.71
李会财之女 240807（10:58:02）,79,65,14,82.28
李会财之女 240807（14:01:42）,83,68,15,81.93
李鑫鑫之子240729（09:05:06）,87,65,22,74.71
李鑫鑫之子240729（11:04:51）,85,65,20,76.47
李鑫鑫之子240729（13:43:20）,100,79,21,79.00
赵叶之大女240708（10:43:45）,73,64,9,87.67
赵叶之大女240708（11:59:17）,78,70,8,89.74
赵叶之大女240807（11:00:29）,72,61,11,84.72
赵叶之大女240807（14:57:02）,54,48,6,88.89
韩俪之子240821（13:56:39）,77,63,14,81.82
韩俪之子240903（13:57:27）,93,81,12,87.10
预实验240717（14:59:27）,69,64,5,92.75

整体统计,29679,25269,4410,85.14
