源视频文件名,总样本数,总错误数,总错误率(%),饱腹_总数,饱腹_错误数,饱腹_错误率(%),中性_总数,中性_错误数,中性_错误率(%),微饿_总数,微饿_错误数,微饿_错误率(%),饥饿_总数,饥饿_错误数,饥饿_错误率(%)
2024-09-10 110740,91,62,68.13,30,20,66.67,30,25,83.33,1,1,100.00,30,16,53.33
2025-01-07 102421,119,76,63.87,30,17,56.67,30,23,76.67,29,11,37.93,30,25,83.33
2025-01-02 105826,120,76,63.33,30,18,60.00,30,29,96.67,30,19,63.33,30,10,33.33
2025-01-07 135013,100,63,63.00,30,22,73.33,17,7,41.18,23,17,73.91,30,17,56.67
240717(9.03.26）,104,65,62.50,30,20,66.67,15,7,46.67,29,20,68.97,30,18,60.00
2025-02-05 105046,114,71,62.28,30,21,70.00,30,17,56.67,24,22,91.67,30,11,36.67
2024-12-24 105557,118,72,61.02,30,19,63.33,28,18,64.29,30,25,83.33,30,10,33.33
2024-11-19 134453,112,67,59.82,30,10,33.33,22,6,27.27,30,25,83.33,30,26,86.67
2024-10-15 143045,120,70,58.33,30,15,50.00,30,27,90.00,30,20,66.67,30,8,26.67
张祖善20240905（13:57:31）,95,55,57.89,30,7,23.33,10,7,70.00,25,19,76.00,30,22,73.33
2024-10-16 142455,120,69,57.50,30,1,3.33,30,12,40.00,30,28,93.33,30,28,93.33
2024-12-09 110631,88,50,56.82,30,17,56.67,8,0,0.00,20,10,50.00,30,23,76.67
2024-12-20 110552,97,54,55.67,30,13,43.33,14,14,100.00,23,16,69.57,30,11,36.67
2025-01-03 105339,120,66,55.00,30,1,3.33,30,19,63.33,30,27,90.00,30,19,63.33
2024-11-25 140700,119,65,54.62,30,12,40.00,29,29,100.00,30,11,36.67,30,13,43.33
2024-12-19 135234,99,54,54.55,31,15,48.39,30,28,93.33,8,5,62.50,30,6,20.00
2025-01-10 111030,104,56,53.85,30,11,36.67,30,21,70.00,14,14,100.00,30,10,33.33
2024-11-22 140008,116,62,53.45,30,15,50.00,30,15,50.00,26,11,42.31,30,21,70.00
2024-11-28 110616,120,64,53.33,30,24,80.00,30,0,0.00,30,21,70.00,30,19,63.33
2024-12-16 190348,120,64,53.33,30,9,30.00,30,16,53.33,30,9,30.00,30,30,100.00
2025-01-21 082321,115,60,52.17,30,9,30.00,30,5,16.67,25,17,68.00,30,29,96.67
2024-12-19 110403,120,62,51.67,30,0,0.00,30,30,100.00,30,17,56.67,30,15,50.00
2025-01-03 134416,120,62,51.67,30,19,63.33,30,6,20.00,30,30,100.00,30,7,23.33
2024-12-27 140329,116,59,50.86,30,16,53.33,26,23,88.46,30,9,30.00,30,11,36.67
2025-01-02 105929,109,55,50.46,30,14,46.67,30,13,43.33,19,9,47.37,30,19,63.33
2024-12-13 134629,108,54,50.00,30,13,43.33,30,14,46.67,18,11,61.11,30,16,53.33
2025-01-13 135429,98,49,50.00,30,22,73.33,17,0,0.00,21,10,47.62,30,17,56.67
2024-12-18 135914,111,55,49.55,30,14,46.67,30,7,23.33,21,12,57.14,30,22,73.33
2025-01-16 102653,111,55,49.55,30,9,30.00,30,8,26.67,21,17,80.95,30,21,70.00
2025-01-03 134319,72,35,48.61,12,0,0.00,0,0,0.00,30,17,56.67,30,18,60.00
2024-12-24 134112,104,50,48.08,30,1,3.33,30,15,50.00,14,13,92.86,30,21,70.00
2024-12-25 110129,115,55,47.83,30,20,66.67,30,5,16.67,25,16,64.00,30,14,46.67
2024-12-31 103046,112,53,47.32,30,4,13.33,30,14,46.67,22,21,95.45,30,14,46.67
2024-12-31 104208,108,51,47.22,30,11,36.67,30,13,43.33,18,15,83.33,30,12,40.00
2025-01-17 103446,119,56,47.06,30,8,26.67,30,12,40.00,29,16,55.17,30,20,66.67
2024-11-27 140411,121,56,46.28,31,21,67.74,30,2,6.67,30,29,96.67,30,4,13.33
2024-12-24 134422,113,52,46.02,30,26,86.67,28,0,0.00,25,15,60.00,30,11,36.67
2024-12-19 135149,112,51,45.54,30,17,56.67,30,9,30.00,22,15,68.18,30,10,33.33
2024-11-13 134739,119,54,45.38,30,12,40.00,30,10,33.33,29,14,48.28,30,18,60.00
2025-01-15 132037,115,52,45.22,30,10,33.33,30,7,23.33,25,21,84.00,30,14,46.67
2024-10-19 231445,120,54,45.00,30,14,46.67,30,9,30.00,30,23,76.67,30,8,26.67
2024-12-30 135134,103,46,44.66,30,0,0.00,30,20,66.67,13,4,30.77,30,22,73.33
李鑫鑫之子240729（09:05:06）,110,49,44.55,30,12,40.00,20,3,15.00,30,22,73.33,30,12,40.00
2025-01-06 110457,95,42,44.21,30,8,26.67,30,21,70.00,5,1,20.00,30,12,40.00
240717（13.00.40）,109,48,44.04,30,8,26.67,28,8,28.57,21,19,90.48,30,13,43.33
2024-11-15 135858,86,37,43.02,26,7,26.92,0,0,0.00,30,17,56.67,30,13,43.33
2025-01-10 110622,104,44,42.31,30,21,70.00,30,14,46.67,14,4,28.57,30,5,16.67
2025-01-19 105845,102,43,42.16,30,16,53.33,22,7,31.82,20,9,45.00,30,11,36.67
2024-12-10 135100,120,49,40.83,30,6,20.00,30,7,23.33,30,13,43.33,30,23,76.67
2024-12-11 110852,120,49,40.83,30,11,36.67,30,4,13.33,30,13,43.33,30,21,70.00
2024-12-06 110804,98,40,40.82,30,16,53.33,30,3,10.00,8,5,62.50,30,16,53.33
2024-12-26 135251,110,44,40.00,30,1,3.33,30,15,50.00,20,11,55.00,30,17,56.67
2025-01-16 082641,111,44,39.64,30,15,50.00,30,7,23.33,21,21,100.00,30,1,3.33
2024-11-20 135807,76,30,39.47,31,15,48.39,12,0,0.00,3,3,100.00,30,12,40.00
2024-12-26 135104,109,42,38.53,30,12,40.00,30,11,36.67,19,13,68.42,30,6,20.00
2025-01-21 133630,111,39,35.14,30,8,26.67,30,12,40.00,21,10,47.62,30,9,30.00
2024-12-17 135256,112,39,34.82,30,10,33.33,30,5,16.67,22,8,36.36,30,16,53.33
2025-01-03 134538,112,39,34.82,30,2,6.67,30,20,66.67,22,14,63.64,30,3,10.00
2024-12-31 104556,115,39,33.91,30,8,26.67,27,14,51.85,28,4,14.29,30,13,43.33
2024-11-14 140612,99,33,33.33,30,9,30.00,30,8,26.67,9,1,11.11,30,15,50.00
2024-12-06 135527,111,37,33.33,30,9,30.00,30,2,6.67,21,15,71.43,30,11,36.67
2025-01-14 134951,114,37,32.46,30,10,33.33,30,6,20.00,24,9,37.50,30,12,40.00
2024-12-23 105846,97,30,30.93,30,7,23.33,8,0,0.00,29,20,68.97,30,3,10.00
2025-01-16 133206,112,34,30.36,30,8,26.67,30,13,43.33,22,9,40.91,30,4,13.33
2025-01-22 082526,116,35,30.17,30,2,6.67,30,9,30.00,26,15,57.69,30,9,30.00
2025-01-14 134643,113,30,26.55,30,7,23.33,30,5,16.67,23,7,30.43,30,11,36.67
2025-01-13 134726,99,25,25.25,30,1,3.33,30,10,33.33,9,4,44.44,30,10,33.33
2025-01-17 103640,114,23,20.18,30,7,23.33,27,3,11.11,27,13,48.15,30,0,0.00
